"jahr","gemeinde_bfsnr","listen_code","listen_nr","waehlerproz"
2019,10261,"SVP",1,NA
2019,10261,"SP",2,NA
2019,10261,"FDP",3,NA
2019,10261,"GLP",4,NA
2019,10261,"Grüne",5,NA
2019,10261,"CVP",6,NA
2019,10261,"EVP",7,NA
2019,10261,"AL",8,NA
2019,10261,"EDU",10,NA
2019,10261,"PdA",13,NA
2019,20261,"SVP",1,NA
2019,20261,"SP",2,NA
2019,20261,"FDP",3,NA
2019,20261,"GLP",4,NA
2019,20261,"Grüne",5,NA
2019,20261,"CVP",6,NA
2019,20261,"EVP",7,NA
2019,20261,"AL",8,NA
2019,20261,"BDP",9,NA
2019,20261,"EDU",10,NA
2019,20261,"die Guten",12,NA
2019,20261,"PdA",13,NA
2019,60261,"SVP",1,NA
2019,60261,"SP",2,NA
2019,60261,"FDP",3,NA
2019,60261,"GLP",4,NA
2019,60261,"Grüne",5,NA
2019,60261,"CVP",6,NA
2019,60261,"EVP",7,NA
2019,60261,"AL",8,NA
2019,60261,"BDP",9,NA
2019,60261,"EDU",10,NA
2019,60261,"die Guten",12,NA
2019,60261,"PdA",13,NA
2019,30261,"SVP",1,NA
2019,30261,"SP",2,NA
2019,30261,"FDP",3,NA
2019,30261,"GLP",4,NA
2019,30261,"Grüne",5,NA
2019,30261,"CVP",6,NA
2019,30261,"EVP",7,NA
2019,30261,"AL",8,NA
2019,30261,"EDU",10,NA
2019,30261,"PdA",13,NA
2019,40261,"SVP",1,NA
2019,40261,"SP",2,NA
2019,40261,"FDP",3,NA
2019,40261,"GLP",4,NA
2019,40261,"Grüne",5,NA
2019,40261,"CVP",6,NA
2019,40261,"EVP",7,NA
2019,40261,"AL",8,NA
2019,40261,"BDP",9,NA
2019,40261,"EDU",10,NA
2019,40261,"Helvida",11,NA
2019,40261,"PdA",13,NA
2019,70261,"SVP",1,NA
2019,70261,"SP",2,NA
2019,70261,"FDP",3,NA
2019,70261,"GLP",4,NA
2019,70261,"Grüne",5,NA
2019,70261,"CVP",6,NA
2019,70261,"EVP",7,NA
2019,70261,"AL",8,NA
2019,70261,"BDP",9,NA
2019,70261,"EDU",10,NA
2019,70261,"Helvida",11,NA
2019,70261,"PdA",13,NA
2019,50261,"SVP",1,NA
2019,50261,"SP",2,NA
2019,50261,"FDP",3,NA
2019,50261,"GLP",4,NA
2019,50261,"Grüne",5,NA
2019,50261,"CVP",6,NA
2019,50261,"EVP",7,NA
2019,50261,"AL",8,NA
2019,50261,"EDU",10,NA
2019,50261,"PdA",13,NA
2019,80261,"SVP",1,NA
2019,80261,"SP",2,NA
2019,80261,"FDP",3,NA
2019,80261,"GLP",4,NA
2019,80261,"Grüne",5,NA
2019,80261,"CVP",6,NA
2019,80261,"EVP",7,NA
2019,80261,"AL",8,NA
2019,80261,"BDP",9,NA
2019,80261,"EDU",10,NA
2019,80261,"PdA",13,NA
2019,90261,"SVP",1,NA
2019,90261,"SP",2,NA
2019,90261,"FDP",3,NA
2019,90261,"GLP",4,NA
2019,90261,"Grüne",5,NA
2019,90261,"CVP",6,NA
2019,90261,"EVP",7,NA
2019,90261,"AL",8,NA
2019,90261,"BDP",9,NA
2019,90261,"EDU",10,NA
2019,90261,"PdA",13,NA
2019,241,"SVP",1,NA
2019,241,"SP",2,NA
2019,241,"FDP",3,NA
2019,241,"GLP",4,NA
2019,241,"Grüne",5,NA
2019,241,"CVP",6,NA
2019,241,"EVP",7,NA
2019,241,"AL",8,NA
2019,241,"BDP",9,NA
2019,241,"EDU",10,NA
2019,242,"SVP",1,NA
2019,242,"SP",2,NA
2019,242,"FDP",3,NA
2019,242,"GLP",4,NA
2019,242,"Grüne",5,NA
2019,242,"CVP",6,NA
2019,242,"EVP",7,NA
2019,242,"AL",8,NA
2019,242,"BDP",9,NA
2019,242,"EDU",10,NA
2019,243,"SVP",1,NA
2019,243,"SP",2,NA
2019,243,"FDP",3,NA
2019,243,"GLP",4,NA
2019,243,"Grüne",5,NA
2019,243,"CVP",6,NA
2019,243,"EVP",7,NA
2019,243,"AL",8,NA
2019,243,"BDP",9,NA
2019,243,"EDU",10,NA
2019,244,"SVP",1,NA
2019,244,"SP",2,NA
2019,244,"FDP",3,NA
2019,244,"GLP",4,NA
2019,244,"Grüne",5,NA
2019,244,"CVP",6,NA
2019,244,"EVP",7,NA
2019,244,"AL",8,NA
2019,244,"BDP",9,NA
2019,244,"EDU",10,NA
2019,245,"SVP",1,NA
2019,245,"SP",2,NA
2019,245,"FDP",3,NA
2019,245,"GLP",4,NA
2019,245,"Grüne",5,NA
2019,245,"CVP",6,NA
2019,245,"EVP",7,NA
2019,245,"AL",8,NA
2019,245,"BDP",9,NA
2019,245,"EDU",10,NA
2019,246,"SVP",1,NA
2019,246,"SP",2,NA
2019,246,"FDP",3,NA
2019,246,"GLP",4,NA
2019,246,"Grüne",5,NA
2019,246,"CVP",6,NA
2019,246,"EVP",7,NA
2019,246,"AL",8,NA
2019,246,"BDP",9,NA
2019,246,"EDU",10,NA
2019,247,"SVP",1,NA
2019,247,"SP",2,NA
2019,247,"FDP",3,NA
2019,247,"GLP",4,NA
2019,247,"Grüne",5,NA
2019,247,"CVP",6,NA
2019,247,"EVP",7,NA
2019,247,"AL",8,NA
2019,247,"BDP",9,NA
2019,247,"EDU",10,NA
2019,248,"SVP",1,NA
2019,248,"SP",2,NA
2019,248,"FDP",3,NA
2019,248,"GLP",4,NA
2019,248,"Grüne",5,NA
2019,248,"CVP",6,NA
2019,248,"EVP",7,NA
2019,248,"AL",8,NA
2019,248,"BDP",9,NA
2019,248,"EDU",10,NA
2019,249,"SVP",1,NA
2019,249,"SP",2,NA
2019,249,"FDP",3,NA
2019,249,"GLP",4,NA
2019,249,"Grüne",5,NA
2019,249,"CVP",6,NA
2019,249,"EVP",7,NA
2019,249,"AL",8,NA
2019,249,"BDP",9,NA
2019,249,"EDU",10,NA
2019,250,"SVP",1,NA
2019,250,"SP",2,NA
2019,250,"FDP",3,NA
2019,250,"GLP",4,NA
2019,250,"Grüne",5,NA
2019,250,"CVP",6,NA
2019,250,"EVP",7,NA
2019,250,"AL",8,NA
2019,250,"BDP",9,NA
2019,250,"EDU",10,NA
2019,251,"SVP",1,NA
2019,251,"SP",2,NA
2019,251,"FDP",3,NA
2019,251,"GLP",4,NA
2019,251,"Grüne",5,NA
2019,251,"CVP",6,NA
2019,251,"EVP",7,NA
2019,251,"AL",8,NA
2019,251,"BDP",9,NA
2019,251,"EDU",10,NA
2019,1,"SVP",1,NA
2019,1,"SP",2,NA
2019,1,"FDP",3,NA
2019,1,"GLP",4,NA
2019,1,"Grüne",5,NA
2019,1,"CVP",6,NA
2019,1,"EVP",7,NA
2019,1,"AL",8,NA
2019,1,"BDP",9,NA
2019,1,"EDU",10,NA
2019,2,"SVP",1,NA
2019,2,"SP",2,NA
2019,2,"FDP",3,NA
2019,2,"GLP",4,NA
2019,2,"Grüne",5,NA
2019,2,"CVP",6,NA
2019,2,"EVP",7,NA
2019,2,"AL",8,NA
2019,2,"BDP",9,NA
2019,2,"EDU",10,NA
2019,3,"SVP",1,NA
2019,3,"SP",2,NA
2019,3,"FDP",3,NA
2019,3,"GLP",4,NA
2019,3,"Grüne",5,NA
2019,3,"CVP",6,NA
2019,3,"EVP",7,NA
2019,3,"AL",8,NA
2019,3,"BDP",9,NA
2019,3,"EDU",10,NA
2019,4,"SVP",1,NA
2019,4,"SP",2,NA
2019,4,"FDP",3,NA
2019,4,"GLP",4,NA
2019,4,"Grüne",5,NA
2019,4,"CVP",6,NA
2019,4,"EVP",7,NA
2019,4,"AL",8,NA
2019,4,"BDP",9,NA
2019,4,"EDU",10,NA
2019,5,"SVP",1,NA
2019,5,"SP",2,NA
2019,5,"FDP",3,NA
2019,5,"GLP",4,NA
2019,5,"Grüne",5,NA
2019,5,"CVP",6,NA
2019,5,"EVP",7,NA
2019,5,"AL",8,NA
2019,5,"BDP",9,NA
2019,5,"EDU",10,NA
2019,6,"SVP",1,NA
2019,6,"SP",2,NA
2019,6,"FDP",3,NA
2019,6,"GLP",4,NA
2019,6,"Grüne",5,NA
2019,6,"CVP",6,NA
2019,6,"EVP",7,NA
2019,6,"AL",8,NA
2019,6,"BDP",9,NA
2019,6,"EDU",10,NA
2019,7,"SVP",1,NA
2019,7,"SP",2,NA
2019,7,"FDP",3,NA
2019,7,"GLP",4,NA
2019,7,"Grüne",5,NA
2019,7,"CVP",6,NA
2019,7,"EVP",7,NA
2019,7,"AL",8,NA
2019,7,"BDP",9,NA
2019,7,"EDU",10,NA
2019,8,"SVP",1,NA
2019,8,"SP",2,NA
2019,8,"FDP",3,NA
2019,8,"GLP",4,NA
2019,8,"Grüne",5,NA
2019,8,"CVP",6,NA
2019,8,"EVP",7,NA
2019,8,"AL",8,NA
2019,8,"BDP",9,NA
2019,8,"EDU",10,NA
2019,9,"SVP",1,NA
2019,9,"SP",2,NA
2019,9,"FDP",3,NA
2019,9,"GLP",4,NA
2019,9,"Grüne",5,NA
2019,9,"CVP",6,NA
2019,9,"EVP",7,NA
2019,9,"AL",8,NA
2019,9,"BDP",9,NA
2019,9,"EDU",10,NA
2019,10,"SVP",1,NA
2019,10,"SP",2,NA
2019,10,"FDP",3,NA
2019,10,"GLP",4,NA
2019,10,"Grüne",5,NA
2019,10,"CVP",6,NA
2019,10,"EVP",7,NA
2019,10,"AL",8,NA
2019,10,"BDP",9,NA
2019,10,"EDU",10,NA
2019,11,"SVP",1,NA
2019,11,"SP",2,NA
2019,11,"FDP",3,NA
2019,11,"GLP",4,NA
2019,11,"Grüne",5,NA
2019,11,"CVP",6,NA
2019,11,"EVP",7,NA
2019,11,"AL",8,NA
2019,11,"BDP",9,NA
2019,11,"EDU",10,NA
2019,12,"SVP",1,NA
2019,12,"SP",2,NA
2019,12,"FDP",3,NA
2019,12,"GLP",4,NA
2019,12,"Grüne",5,NA
2019,12,"CVP",6,NA
2019,12,"EVP",7,NA
2019,12,"AL",8,NA
2019,12,"BDP",9,NA
2019,12,"EDU",10,NA
2019,13,"SVP",1,NA
2019,13,"SP",2,NA
2019,13,"FDP",3,NA
2019,13,"GLP",4,NA
2019,13,"Grüne",5,NA
2019,13,"CVP",6,NA
2019,13,"EVP",7,NA
2019,13,"AL",8,NA
2019,13,"BDP",9,NA
2019,13,"EDU",10,NA
2019,14,"SVP",1,NA
2019,14,"SP",2,NA
2019,14,"FDP",3,NA
2019,14,"GLP",4,NA
2019,14,"Grüne",5,NA
2019,14,"CVP",6,NA
2019,14,"EVP",7,NA
2019,14,"AL",8,NA
2019,14,"BDP",9,NA
2019,14,"EDU",10,NA
2019,131,"SVP",1,NA
2019,131,"SP",2,NA
2019,131,"FDP",3,NA
2019,131,"GLP",4,NA
2019,131,"Grüne",5,NA
2019,131,"CVP",6,NA
2019,131,"EVP",7,NA
2019,131,"AL",8,NA
2019,131,"BDP",9,NA
2019,131,"EDU",10,NA
2019,135,"SVP",1,NA
2019,135,"SP",2,NA
2019,135,"FDP",3,NA
2019,135,"GLP",4,NA
2019,135,"Grüne",5,NA
2019,135,"CVP",6,NA
2019,135,"EVP",7,NA
2019,135,"AL",8,NA
2019,135,"BDP",9,NA
2019,135,"EDU",10,NA
2019,136,"SVP",1,NA
2019,136,"SP",2,NA
2019,136,"FDP",3,NA
2019,136,"GLP",4,NA
2019,136,"Grüne",5,NA
2019,136,"CVP",6,NA
2019,136,"EVP",7,NA
2019,136,"AL",8,NA
2019,136,"BDP",9,NA
2019,136,"EDU",10,NA
2019,137,"SVP",1,NA
2019,137,"SP",2,NA
2019,137,"FDP",3,NA
2019,137,"GLP",4,NA
2019,137,"Grüne",5,NA
2019,137,"CVP",6,NA
2019,137,"EVP",7,NA
2019,137,"AL",8,NA
2019,137,"BDP",9,NA
2019,137,"EDU",10,NA
2019,138,"SVP",1,NA
2019,138,"SP",2,NA
2019,138,"FDP",3,NA
2019,138,"GLP",4,NA
2019,138,"Grüne",5,NA
2019,138,"CVP",6,NA
2019,138,"EVP",7,NA
2019,138,"AL",8,NA
2019,138,"BDP",9,NA
2019,138,"EDU",10,NA
2019,139,"SVP",1,NA
2019,139,"SP",2,NA
2019,139,"FDP",3,NA
2019,139,"GLP",4,NA
2019,139,"Grüne",5,NA
2019,139,"CVP",6,NA
2019,139,"EVP",7,NA
2019,139,"AL",8,NA
2019,139,"BDP",9,NA
2019,139,"EDU",10,NA
2019,141,"SVP",1,NA
2019,141,"SP",2,NA
2019,141,"FDP",3,NA
2019,141,"GLP",4,NA
2019,141,"Grüne",5,NA
2019,141,"CVP",6,NA
2019,141,"EVP",7,NA
2019,141,"AL",8,NA
2019,141,"BDP",9,NA
2019,141,"EDU",10,NA
2019,293,"SVP",1,NA
2019,293,"SP",2,NA
2019,293,"FDP",3,NA
2019,293,"GLP",4,NA
2019,293,"Grüne",5,NA
2019,293,"CVP",6,NA
2019,293,"EVP",7,NA
2019,293,"AL",8,NA
2019,293,"BDP",9,NA
2019,293,"EDU",10,NA
2019,295,"SVP",1,NA
2019,295,"SP",2,NA
2019,295,"FDP",3,NA
2019,295,"GLP",4,NA
2019,295,"Grüne",5,NA
2019,295,"CVP",6,NA
2019,295,"EVP",7,NA
2019,295,"AL",8,NA
2019,295,"BDP",9,NA
2019,295,"EDU",10,NA
2019,151,"SVP",1,NA
2019,151,"SP",2,NA
2019,151,"FDP",3,NA
2019,151,"GLP",4,NA
2019,151,"Grüne",5,NA
2019,151,"CVP",6,NA
2019,151,"EVP",7,NA
2019,151,"AL",8,NA
2019,151,"BDP",9,NA
2019,151,"EDU",10,NA
2019,152,"SVP",1,NA
2019,152,"SP",2,NA
2019,152,"FDP",3,NA
2019,152,"GLP",4,NA
2019,152,"Grüne",5,NA
2019,152,"CVP",6,NA
2019,152,"EVP",7,NA
2019,152,"AL",8,NA
2019,152,"BDP",9,NA
2019,152,"EDU",10,NA
2019,153,"SVP",1,NA
2019,153,"SP",2,NA
2019,153,"FDP",3,NA
2019,153,"GLP",4,NA
2019,153,"Grüne",5,NA
2019,153,"CVP",6,NA
2019,153,"EVP",7,NA
2019,153,"AL",8,NA
2019,153,"BDP",9,NA
2019,153,"EDU",10,NA
2019,154,"SVP",1,NA
2019,154,"SP",2,NA
2019,154,"FDP",3,NA
2019,154,"GLP",4,NA
2019,154,"Grüne",5,NA
2019,154,"CVP",6,NA
2019,154,"EVP",7,NA
2019,154,"AL",8,NA
2019,154,"BDP",9,NA
2019,154,"EDU",10,NA
2019,155,"SVP",1,NA
2019,155,"SP",2,NA
2019,155,"FDP",3,NA
2019,155,"GLP",4,NA
2019,155,"Grüne",5,NA
2019,155,"CVP",6,NA
2019,155,"EVP",7,NA
2019,155,"AL",8,NA
2019,155,"BDP",9,NA
2019,155,"EDU",10,NA
2019,156,"SVP",1,NA
2019,156,"SP",2,NA
2019,156,"FDP",3,NA
2019,156,"GLP",4,NA
2019,156,"Grüne",5,NA
2019,156,"CVP",6,NA
2019,156,"EVP",7,NA
2019,156,"AL",8,NA
2019,156,"BDP",9,NA
2019,156,"EDU",10,NA
2019,157,"SVP",1,NA
2019,157,"SP",2,NA
2019,157,"FDP",3,NA
2019,157,"GLP",4,NA
2019,157,"Grüne",5,NA
2019,157,"CVP",6,NA
2019,157,"EVP",7,NA
2019,157,"AL",8,NA
2019,157,"BDP",9,NA
2019,157,"EDU",10,NA
2019,158,"SVP",1,NA
2019,158,"SP",2,NA
2019,158,"FDP",3,NA
2019,158,"GLP",4,NA
2019,158,"Grüne",5,NA
2019,158,"CVP",6,NA
2019,158,"EVP",7,NA
2019,158,"AL",8,NA
2019,158,"BDP",9,NA
2019,158,"EDU",10,NA
2019,159,"SVP",1,NA
2019,159,"SP",2,NA
2019,159,"FDP",3,NA
2019,159,"GLP",4,NA
2019,159,"Grüne",5,NA
2019,159,"CVP",6,NA
2019,159,"EVP",7,NA
2019,159,"AL",8,NA
2019,159,"BDP",9,NA
2019,159,"EDU",10,NA
2019,160,"SVP",1,NA
2019,160,"SP",2,NA
2019,160,"FDP",3,NA
2019,160,"GLP",4,NA
2019,160,"Grüne",5,NA
2019,160,"CVP",6,NA
2019,160,"EVP",7,NA
2019,160,"AL",8,NA
2019,160,"BDP",9,NA
2019,160,"EDU",10,NA
2019,161,"SVP",1,NA
2019,161,"SP",2,NA
2019,161,"FDP",3,NA
2019,161,"GLP",4,NA
2019,161,"Grüne",5,NA
2019,161,"CVP",6,NA
2019,161,"EVP",7,NA
2019,161,"AL",8,NA
2019,161,"BDP",9,NA
2019,161,"EDU",10,NA
2019,111,"SVP",1,NA
2019,111,"SP",2,NA
2019,111,"FDP",3,NA
2019,111,"GLP",4,NA
2019,111,"Grüne",5,NA
2019,111,"CVP",6,NA
2019,111,"EVP",7,NA
2019,111,"AL",8,NA
2019,111,"BDP",9,NA
2019,111,"EDU",10,NA
2019,112,"SVP",1,NA
2019,112,"SP",2,NA
2019,112,"FDP",3,NA
2019,112,"GLP",4,NA
2019,112,"Grüne",5,NA
2019,112,"CVP",6,NA
2019,112,"EVP",7,NA
2019,112,"AL",8,NA
2019,112,"BDP",9,NA
2019,112,"EDU",10,NA
2019,113,"SVP",1,NA
2019,113,"SP",2,NA
2019,113,"FDP",3,NA
2019,113,"GLP",4,NA
2019,113,"Grüne",5,NA
2019,113,"CVP",6,NA
2019,113,"EVP",7,NA
2019,113,"AL",8,NA
2019,113,"BDP",9,NA
2019,113,"EDU",10,NA
2019,114,"SVP",1,NA
2019,114,"SP",2,NA
2019,114,"FDP",3,NA
2019,114,"GLP",4,NA
2019,114,"Grüne",5,NA
2019,114,"CVP",6,NA
2019,114,"EVP",7,NA
2019,114,"AL",8,NA
2019,114,"BDP",9,NA
2019,114,"EDU",10,NA
2019,115,"SVP",1,NA
2019,115,"SP",2,NA
2019,115,"FDP",3,NA
2019,115,"GLP",4,NA
2019,115,"Grüne",5,NA
2019,115,"CVP",6,NA
2019,115,"EVP",7,NA
2019,115,"AL",8,NA
2019,115,"BDP",9,NA
2019,115,"EDU",10,NA
2019,116,"SVP",1,NA
2019,116,"SP",2,NA
2019,116,"FDP",3,NA
2019,116,"GLP",4,NA
2019,116,"Grüne",5,NA
2019,116,"CVP",6,NA
2019,116,"EVP",7,NA
2019,116,"AL",8,NA
2019,116,"BDP",9,NA
2019,116,"EDU",10,NA
2019,117,"SVP",1,NA
2019,117,"SP",2,NA
2019,117,"FDP",3,NA
2019,117,"GLP",4,NA
2019,117,"Grüne",5,NA
2019,117,"CVP",6,NA
2019,117,"EVP",7,NA
2019,117,"AL",8,NA
2019,117,"BDP",9,NA
2019,117,"EDU",10,NA
2019,118,"SVP",1,NA
2019,118,"SP",2,NA
2019,118,"FDP",3,NA
2019,118,"GLP",4,NA
2019,118,"Grüne",5,NA
2019,118,"CVP",6,NA
2019,118,"EVP",7,NA
2019,118,"AL",8,NA
2019,118,"BDP",9,NA
2019,118,"EDU",10,NA
2019,119,"SVP",1,NA
2019,119,"SP",2,NA
2019,119,"FDP",3,NA
2019,119,"GLP",4,NA
2019,119,"Grüne",5,NA
2019,119,"CVP",6,NA
2019,119,"EVP",7,NA
2019,119,"AL",8,NA
2019,119,"BDP",9,NA
2019,119,"EDU",10,NA
2019,120,"SVP",1,NA
2019,120,"SP",2,NA
2019,120,"FDP",3,NA
2019,120,"GLP",4,NA
2019,120,"Grüne",5,NA
2019,120,"CVP",6,NA
2019,120,"EVP",7,NA
2019,120,"AL",8,NA
2019,120,"BDP",9,NA
2019,120,"EDU",10,NA
2019,121,"SVP",1,NA
2019,121,"SP",2,NA
2019,121,"FDP",3,NA
2019,121,"GLP",4,NA
2019,121,"Grüne",5,NA
2019,121,"CVP",6,NA
2019,121,"EVP",7,NA
2019,121,"AL",8,NA
2019,121,"BDP",9,NA
2019,121,"EDU",10,NA
2019,191,"SVP",1,NA
2019,191,"SP",2,NA
2019,191,"FDP",3,NA
2019,191,"GLP",4,NA
2019,191,"Grüne",5,NA
2019,191,"CVP",6,NA
2019,191,"EVP",7,NA
2019,191,"AL",8,NA
2019,191,"BDP",9,NA
2019,191,"EDU",10,NA
2019,192,"SVP",1,NA
2019,192,"SP",2,NA
2019,192,"FDP",3,NA
2019,192,"GLP",4,NA
2019,192,"Grüne",5,NA
2019,192,"CVP",6,NA
2019,192,"EVP",7,NA
2019,192,"AL",8,NA
2019,192,"BDP",9,NA
2019,192,"EDU",10,NA
2019,193,"SVP",1,NA
2019,193,"SP",2,NA
2019,193,"FDP",3,NA
2019,193,"GLP",4,NA
2019,193,"Grüne",5,NA
2019,193,"CVP",6,NA
2019,193,"EVP",7,NA
2019,193,"AL",8,NA
2019,193,"BDP",9,NA
2019,193,"EDU",10,NA
2019,194,"SVP",1,NA
2019,194,"SP",2,NA
2019,194,"FDP",3,NA
2019,194,"GLP",4,NA
2019,194,"Grüne",5,NA
2019,194,"CVP",6,NA
2019,194,"EVP",7,NA
2019,194,"AL",8,NA
2019,194,"BDP",9,NA
2019,194,"EDU",10,NA
2019,195,"SVP",1,NA
2019,195,"SP",2,NA
2019,195,"FDP",3,NA
2019,195,"GLP",4,NA
2019,195,"Grüne",5,NA
2019,195,"CVP",6,NA
2019,195,"EVP",7,NA
2019,195,"AL",8,NA
2019,195,"BDP",9,NA
2019,195,"EDU",10,NA
2019,196,"SVP",1,NA
2019,196,"SP",2,NA
2019,196,"FDP",3,NA
2019,196,"GLP",4,NA
2019,196,"Grüne",5,NA
2019,196,"CVP",6,NA
2019,196,"EVP",7,NA
2019,196,"AL",8,NA
2019,196,"BDP",9,NA
2019,196,"EDU",10,NA
2019,197,"SVP",1,NA
2019,197,"SP",2,NA
2019,197,"FDP",3,NA
2019,197,"GLP",4,NA
2019,197,"Grüne",5,NA
2019,197,"CVP",6,NA
2019,197,"EVP",7,NA
2019,197,"AL",8,NA
2019,197,"BDP",9,NA
2019,197,"EDU",10,NA
2019,198,"SVP",1,NA
2019,198,"SP",2,NA
2019,198,"FDP",3,NA
2019,198,"GLP",4,NA
2019,198,"Grüne",5,NA
2019,198,"CVP",6,NA
2019,198,"EVP",7,NA
2019,198,"AL",8,NA
2019,198,"BDP",9,NA
2019,198,"EDU",10,NA
2019,199,"SVP",1,NA
2019,199,"SP",2,NA
2019,199,"FDP",3,NA
2019,199,"GLP",4,NA
2019,199,"Grüne",5,NA
2019,199,"CVP",6,NA
2019,199,"EVP",7,NA
2019,199,"AL",8,NA
2019,199,"BDP",9,NA
2019,199,"EDU",10,NA
2019,200,"SVP",1,NA
2019,200,"SP",2,NA
2019,200,"FDP",3,NA
2019,200,"GLP",4,NA
2019,200,"Grüne",5,NA
2019,200,"CVP",6,NA
2019,200,"EVP",7,NA
2019,200,"AL",8,NA
2019,200,"BDP",9,NA
2019,200,"EDU",10,NA
2019,172,"SVP",1,NA
2019,172,"SP",2,NA
2019,172,"FDP",3,NA
2019,172,"GLP",4,NA
2019,172,"Grüne",5,NA
2019,172,"CVP",6,NA
2019,172,"EVP",7,NA
2019,172,"AL",8,NA
2019,172,"BDP",9,NA
2019,172,"EDU",10,NA
2019,173,"SVP",1,NA
2019,173,"SP",2,NA
2019,173,"FDP",3,NA
2019,173,"GLP",4,NA
2019,173,"Grüne",5,NA
2019,173,"CVP",6,NA
2019,173,"EVP",7,NA
2019,173,"AL",8,NA
2019,173,"BDP",9,NA
2019,173,"EDU",10,NA
2019,176,"SVP",1,NA
2019,176,"SP",2,NA
2019,176,"FDP",3,NA
2019,176,"GLP",4,NA
2019,176,"Grüne",5,NA
2019,176,"CVP",6,NA
2019,176,"EVP",7,NA
2019,176,"AL",8,NA
2019,176,"BDP",9,NA
2019,176,"EDU",10,NA
2019,177,"SVP",1,NA
2019,177,"SP",2,NA
2019,177,"FDP",3,NA
2019,177,"GLP",4,NA
2019,177,"Grüne",5,NA
2019,177,"CVP",6,NA
2019,177,"EVP",7,NA
2019,177,"AL",8,NA
2019,177,"BDP",9,NA
2019,177,"EDU",10,NA
2019,178,"SVP",1,NA
2019,178,"SP",2,NA
2019,178,"FDP",3,NA
2019,178,"GLP",4,NA
2019,178,"Grüne",5,NA
2019,178,"CVP",6,NA
2019,178,"EVP",7,NA
2019,178,"AL",8,NA
2019,178,"BDP",9,NA
2019,178,"EDU",10,NA
2019,180,"SVP",1,NA
2019,180,"SP",2,NA
2019,180,"FDP",3,NA
2019,180,"GLP",4,NA
2019,180,"Grüne",5,NA
2019,180,"CVP",6,NA
2019,180,"EVP",7,NA
2019,180,"AL",8,NA
2019,180,"BDP",9,NA
2019,180,"EDU",10,NA
2019,181,"SVP",1,NA
2019,181,"SP",2,NA
2019,181,"FDP",3,NA
2019,181,"GLP",4,NA
2019,181,"Grüne",5,NA
2019,181,"CVP",6,NA
2019,181,"EVP",7,NA
2019,181,"AL",8,NA
2019,181,"BDP",9,NA
2019,181,"EDU",10,NA
2019,182,"SVP",1,NA
2019,182,"SP",2,NA
2019,182,"FDP",3,NA
2019,182,"GLP",4,NA
2019,182,"Grüne",5,NA
2019,182,"CVP",6,NA
2019,182,"EVP",7,NA
2019,182,"AL",8,NA
2019,182,"BDP",9,NA
2019,182,"EDU",10,NA
2019,296,"SVP",1,NA
2019,296,"SP",2,NA
2019,296,"FDP",3,NA
2019,296,"GLP",4,NA
2019,296,"Grüne",5,NA
2019,296,"CVP",6,NA
2019,296,"EVP",7,NA
2019,296,"AL",8,NA
2019,296,"BDP",9,NA
2019,296,"EDU",10,NA
2019,297,"SVP",1,NA
2019,297,"SP",2,NA
2019,297,"FDP",3,NA
2019,297,"GLP",4,NA
2019,297,"Grüne",5,NA
2019,297,"CVP",6,NA
2019,297,"EVP",7,NA
2019,297,"AL",8,NA
2019,297,"BDP",9,NA
2019,297,"EDU",10,NA
2019,10230,"SVP",1,NA
2019,10230,"SP",2,NA
2019,10230,"FDP",3,NA
2019,10230,"GLP",4,NA
2019,10230,"Grüne",5,NA
2019,10230,"CVP",6,NA
2019,10230,"EVP",7,NA
2019,10230,"AL",8,NA
2019,10230,"BDP",9,NA
2019,10230,"EDU",10,NA
2019,20230,"SVP",1,NA
2019,20230,"SP",2,NA
2019,20230,"FDP",3,NA
2019,20230,"GLP",4,NA
2019,20230,"Grüne",5,NA
2019,20230,"CVP",6,NA
2019,20230,"EVP",7,NA
2019,20230,"AL",8,NA
2019,20230,"BDP",9,NA
2019,20230,"EDU",10,NA
2019,30230,"SVP",1,NA
2019,30230,"SP",2,NA
2019,30230,"FDP",3,NA
2019,30230,"GLP",4,NA
2019,30230,"Grüne",5,NA
2019,30230,"CVP",6,NA
2019,30230,"EVP",7,NA
2019,30230,"AL",8,NA
2019,30230,"BDP",9,NA
2019,30230,"EDU",10,NA
2019,40230,"SVP",1,NA
2019,40230,"SP",2,NA
2019,40230,"FDP",3,NA
2019,40230,"GLP",4,NA
2019,40230,"Grüne",5,NA
2019,40230,"CVP",6,NA
2019,40230,"EVP",7,NA
2019,40230,"AL",8,NA
2019,40230,"BDP",9,NA
2019,40230,"EDU",10,NA
2019,50230,"SVP",1,NA
2019,50230,"SP",2,NA
2019,50230,"FDP",3,NA
2019,50230,"GLP",4,NA
2019,50230,"Grüne",5,NA
2019,50230,"CVP",6,NA
2019,50230,"EVP",7,NA
2019,50230,"AL",8,NA
2019,50230,"BDP",9,NA
2019,50230,"EDU",10,NA
2019,60230,"SVP",1,NA
2019,60230,"SP",2,NA
2019,60230,"FDP",3,NA
2019,60230,"GLP",4,NA
2019,60230,"Grüne",5,NA
2019,60230,"CVP",6,NA
2019,60230,"EVP",7,NA
2019,60230,"AL",8,NA
2019,60230,"BDP",9,NA
2019,60230,"EDU",10,NA
2019,70230,"SVP",1,NA
2019,70230,"SP",2,NA
2019,70230,"FDP",3,NA
2019,70230,"GLP",4,NA
2019,70230,"Grüne",5,NA
2019,70230,"CVP",6,NA
2019,70230,"EVP",7,NA
2019,70230,"AL",8,NA
2019,70230,"BDP",9,NA
2019,70230,"EDU",10,NA
2019,211,"SVP",1,NA
2019,211,"SP",2,NA
2019,211,"FDP",3,NA
2019,211,"GLP",4,NA
2019,211,"Grüne",5,NA
2019,211,"CVP",6,NA
2019,211,"EVP",7,NA
2019,211,"AL",8,NA
2019,211,"BDP",9,NA
2019,211,"EDU",10,NA
2019,213,"SVP",1,NA
2019,213,"SP",2,NA
2019,213,"FDP",3,NA
2019,213,"GLP",4,NA
2019,213,"Grüne",5,NA
2019,213,"CVP",6,NA
2019,213,"EVP",7,NA
2019,213,"AL",8,NA
2019,213,"BDP",9,NA
2019,213,"EDU",10,NA
2019,214,"SVP",1,NA
2019,214,"SP",2,NA
2019,214,"FDP",3,NA
2019,214,"GLP",4,NA
2019,214,"Grüne",5,NA
2019,214,"CVP",6,NA
2019,214,"EVP",7,NA
2019,214,"AL",8,NA
2019,214,"BDP",9,NA
2019,214,"EDU",10,NA
2019,215,"SVP",1,NA
2019,215,"SP",2,NA
2019,215,"FDP",3,NA
2019,215,"GLP",4,NA
2019,215,"Grüne",5,NA
2019,215,"CVP",6,NA
2019,215,"EVP",7,NA
2019,215,"AL",8,NA
2019,215,"BDP",9,NA
2019,215,"EDU",10,NA
2019,216,"SVP",1,NA
2019,216,"SP",2,NA
2019,216,"FDP",3,NA
2019,216,"GLP",4,NA
2019,216,"Grüne",5,NA
2019,216,"CVP",6,NA
2019,216,"EVP",7,NA
2019,216,"AL",8,NA
2019,216,"BDP",9,NA
2019,216,"EDU",10,NA
2019,218,"SVP",1,NA
2019,218,"SP",2,NA
2019,218,"FDP",3,NA
2019,218,"GLP",4,NA
2019,218,"Grüne",5,NA
2019,218,"CVP",6,NA
2019,218,"EVP",7,NA
2019,218,"AL",8,NA
2019,218,"BDP",9,NA
2019,218,"EDU",10,NA
2019,219,"SVP",1,NA
2019,219,"SP",2,NA
2019,219,"FDP",3,NA
2019,219,"GLP",4,NA
2019,219,"Grüne",5,NA
2019,219,"CVP",6,NA
2019,219,"EVP",7,NA
2019,219,"AL",8,NA
2019,219,"BDP",9,NA
2019,219,"EDU",10,NA
2019,220,"SVP",1,NA
2019,220,"SP",2,NA
2019,220,"FDP",3,NA
2019,220,"GLP",4,NA
2019,220,"Grüne",5,NA
2019,220,"CVP",6,NA
2019,220,"EVP",7,NA
2019,220,"AL",8,NA
2019,220,"BDP",9,NA
2019,220,"EDU",10,NA
2019,221,"SVP",1,NA
2019,221,"SP",2,NA
2019,221,"FDP",3,NA
2019,221,"GLP",4,NA
2019,221,"Grüne",5,NA
2019,221,"CVP",6,NA
2019,221,"EVP",7,NA
2019,221,"AL",8,NA
2019,221,"BDP",9,NA
2019,221,"EDU",10,NA
2019,223,"SVP",1,NA
2019,223,"SP",2,NA
2019,223,"FDP",3,NA
2019,223,"GLP",4,NA
2019,223,"Grüne",5,NA
2019,223,"CVP",6,NA
2019,223,"EVP",7,NA
2019,223,"AL",8,NA
2019,223,"BDP",9,NA
2019,223,"EDU",10,NA
2019,224,"SVP",1,NA
2019,224,"SP",2,NA
2019,224,"FDP",3,NA
2019,224,"GLP",4,NA
2019,224,"Grüne",5,NA
2019,224,"CVP",6,NA
2019,224,"EVP",7,NA
2019,224,"AL",8,NA
2019,224,"BDP",9,NA
2019,224,"EDU",10,NA
2019,225,"SVP",1,NA
2019,225,"SP",2,NA
2019,225,"FDP",3,NA
2019,225,"GLP",4,NA
2019,225,"Grüne",5,NA
2019,225,"CVP",6,NA
2019,225,"EVP",7,NA
2019,225,"AL",8,NA
2019,225,"BDP",9,NA
2019,225,"EDU",10,NA
2019,226,"SVP",1,NA
2019,226,"SP",2,NA
2019,226,"FDP",3,NA
2019,226,"GLP",4,NA
2019,226,"Grüne",5,NA
2019,226,"CVP",6,NA
2019,226,"EVP",7,NA
2019,226,"AL",8,NA
2019,226,"BDP",9,NA
2019,226,"EDU",10,NA
2019,227,"SVP",1,NA
2019,227,"SP",2,NA
2019,227,"FDP",3,NA
2019,227,"GLP",4,NA
2019,227,"Grüne",5,NA
2019,227,"CVP",6,NA
2019,227,"EVP",7,NA
2019,227,"AL",8,NA
2019,227,"BDP",9,NA
2019,227,"EDU",10,NA
2019,228,"SVP",1,NA
2019,228,"SP",2,NA
2019,228,"FDP",3,NA
2019,228,"GLP",4,NA
2019,228,"Grüne",5,NA
2019,228,"CVP",6,NA
2019,228,"EVP",7,NA
2019,228,"AL",8,NA
2019,228,"BDP",9,NA
2019,228,"EDU",10,NA
2019,231,"SVP",1,NA
2019,231,"SP",2,NA
2019,231,"FDP",3,NA
2019,231,"GLP",4,NA
2019,231,"Grüne",5,NA
2019,231,"CVP",6,NA
2019,231,"EVP",7,NA
2019,231,"AL",8,NA
2019,231,"BDP",9,NA
2019,231,"EDU",10,NA
2019,294,"SVP",1,NA
2019,294,"SP",2,NA
2019,294,"FDP",3,NA
2019,294,"GLP",4,NA
2019,294,"Grüne",5,NA
2019,294,"CVP",6,NA
2019,294,"EVP",7,NA
2019,294,"AL",8,NA
2019,294,"BDP",9,NA
2019,294,"EDU",10,NA
2019,298,"SVP",1,NA
2019,298,"SP",2,NA
2019,298,"FDP",3,NA
2019,298,"GLP",4,NA
2019,298,"Grüne",5,NA
2019,298,"CVP",6,NA
2019,298,"EVP",7,NA
2019,298,"AL",8,NA
2019,298,"BDP",9,NA
2019,298,"EDU",10,NA
2019,21,"SVP",1,NA
2019,21,"SP",2,NA
2019,21,"FDP",3,NA
2019,21,"GLP",4,NA
2019,21,"Grüne",5,NA
2019,21,"CVP",6,NA
2019,21,"EVP",7,NA
2019,21,"AL",8,NA
2019,21,"BDP",9,NA
2019,21,"EDU",10,NA
2019,22,"SVP",1,NA
2019,22,"SP",2,NA
2019,22,"FDP",3,NA
2019,22,"GLP",4,NA
2019,22,"Grüne",5,NA
2019,22,"CVP",6,NA
2019,22,"EVP",7,NA
2019,22,"AL",8,NA
2019,22,"BDP",9,NA
2019,22,"EDU",10,NA
2019,23,"SVP",1,NA
2019,23,"SP",2,NA
2019,23,"FDP",3,NA
2019,23,"GLP",4,NA
2019,23,"Grüne",5,NA
2019,23,"CVP",6,NA
2019,23,"EVP",7,NA
2019,23,"AL",8,NA
2019,23,"BDP",9,NA
2019,23,"EDU",10,NA
2019,24,"SVP",1,NA
2019,24,"SP",2,NA
2019,24,"FDP",3,NA
2019,24,"GLP",4,NA
2019,24,"Grüne",5,NA
2019,24,"CVP",6,NA
2019,24,"EVP",7,NA
2019,24,"AL",8,NA
2019,24,"BDP",9,NA
2019,24,"EDU",10,NA
2019,25,"SVP",1,NA
2019,25,"SP",2,NA
2019,25,"FDP",3,NA
2019,25,"GLP",4,NA
2019,25,"Grüne",5,NA
2019,25,"CVP",6,NA
2019,25,"EVP",7,NA
2019,25,"AL",8,NA
2019,25,"BDP",9,NA
2019,25,"EDU",10,NA
2019,26,"SVP",1,NA
2019,26,"SP",2,NA
2019,26,"FDP",3,NA
2019,26,"GLP",4,NA
2019,26,"Grüne",5,NA
2019,26,"CVP",6,NA
2019,26,"EVP",7,NA
2019,26,"AL",8,NA
2019,26,"BDP",9,NA
2019,26,"EDU",10,NA
2019,27,"SVP",1,NA
2019,27,"SP",2,NA
2019,27,"FDP",3,NA
2019,27,"GLP",4,NA
2019,27,"Grüne",5,NA
2019,27,"CVP",6,NA
2019,27,"EVP",7,NA
2019,27,"AL",8,NA
2019,27,"BDP",9,NA
2019,27,"EDU",10,NA
2019,28,"SVP",1,NA
2019,28,"SP",2,NA
2019,28,"FDP",3,NA
2019,28,"GLP",4,NA
2019,28,"Grüne",5,NA
2019,28,"CVP",6,NA
2019,28,"EVP",7,NA
2019,28,"AL",8,NA
2019,28,"BDP",9,NA
2019,28,"EDU",10,NA
2019,29,"SVP",1,NA
2019,29,"SP",2,NA
2019,29,"FDP",3,NA
2019,29,"GLP",4,NA
2019,29,"Grüne",5,NA
2019,29,"CVP",6,NA
2019,29,"EVP",7,NA
2019,29,"AL",8,NA
2019,29,"BDP",9,NA
2019,29,"EDU",10,NA
2019,30,"SVP",1,NA
2019,30,"SP",2,NA
2019,30,"FDP",3,NA
2019,30,"GLP",4,NA
2019,30,"Grüne",5,NA
2019,30,"CVP",6,NA
2019,30,"EVP",7,NA
2019,30,"AL",8,NA
2019,30,"BDP",9,NA
2019,30,"EDU",10,NA
2019,31,"SVP",1,NA
2019,31,"SP",2,NA
2019,31,"FDP",3,NA
2019,31,"GLP",4,NA
2019,31,"Grüne",5,NA
2019,31,"CVP",6,NA
2019,31,"EVP",7,NA
2019,31,"AL",8,NA
2019,31,"BDP",9,NA
2019,31,"EDU",10,NA
2019,32,"SVP",1,NA
2019,32,"SP",2,NA
2019,32,"FDP",3,NA
2019,32,"GLP",4,NA
2019,32,"Grüne",5,NA
2019,32,"CVP",6,NA
2019,32,"EVP",7,NA
2019,32,"AL",8,NA
2019,32,"BDP",9,NA
2019,32,"EDU",10,NA
2019,33,"SVP",1,NA
2019,33,"SP",2,NA
2019,33,"FDP",3,NA
2019,33,"GLP",4,NA
2019,33,"Grüne",5,NA
2019,33,"CVP",6,NA
2019,33,"EVP",7,NA
2019,33,"AL",8,NA
2019,33,"BDP",9,NA
2019,33,"EDU",10,NA
2019,34,"SVP",1,NA
2019,34,"SP",2,NA
2019,34,"FDP",3,NA
2019,34,"GLP",4,NA
2019,34,"Grüne",5,NA
2019,34,"CVP",6,NA
2019,34,"EVP",7,NA
2019,34,"AL",8,NA
2019,34,"BDP",9,NA
2019,34,"EDU",10,NA
2019,35,"SVP",1,NA
2019,35,"SP",2,NA
2019,35,"FDP",3,NA
2019,35,"GLP",4,NA
2019,35,"Grüne",5,NA
2019,35,"CVP",6,NA
2019,35,"EVP",7,NA
2019,35,"AL",8,NA
2019,35,"BDP",9,NA
2019,35,"EDU",10,NA
2019,37,"SVP",1,NA
2019,37,"SP",2,NA
2019,37,"FDP",3,NA
2019,37,"GLP",4,NA
2019,37,"Grüne",5,NA
2019,37,"CVP",6,NA
2019,37,"EVP",7,NA
2019,37,"AL",8,NA
2019,37,"BDP",9,NA
2019,37,"EDU",10,NA
2019,38,"SVP",1,NA
2019,38,"SP",2,NA
2019,38,"FDP",3,NA
2019,38,"GLP",4,NA
2019,38,"Grüne",5,NA
2019,38,"CVP",6,NA
2019,38,"EVP",7,NA
2019,38,"AL",8,NA
2019,38,"BDP",9,NA
2019,38,"EDU",10,NA
2019,39,"SVP",1,NA
2019,39,"SP",2,NA
2019,39,"FDP",3,NA
2019,39,"GLP",4,NA
2019,39,"Grüne",5,NA
2019,39,"CVP",6,NA
2019,39,"EVP",7,NA
2019,39,"AL",8,NA
2019,39,"BDP",9,NA
2019,39,"EDU",10,NA
2019,40,"SVP",1,NA
2019,40,"SP",2,NA
2019,40,"FDP",3,NA
2019,40,"GLP",4,NA
2019,40,"Grüne",5,NA
2019,40,"CVP",6,NA
2019,40,"EVP",7,NA
2019,40,"AL",8,NA
2019,40,"BDP",9,NA
2019,40,"EDU",10,NA
2019,41,"SVP",1,NA
2019,41,"SP",2,NA
2019,41,"FDP",3,NA
2019,41,"GLP",4,NA
2019,41,"Grüne",5,NA
2019,41,"CVP",6,NA
2019,41,"EVP",7,NA
2019,41,"AL",8,NA
2019,41,"BDP",9,NA
2019,41,"EDU",10,NA
2019,43,"SVP",1,NA
2019,43,"SP",2,NA
2019,43,"FDP",3,NA
2019,43,"GLP",4,NA
2019,43,"Grüne",5,NA
2019,43,"CVP",6,NA
2019,43,"EVP",7,NA
2019,43,"AL",8,NA
2019,43,"BDP",9,NA
2019,43,"EDU",10,NA
2019,292,"SVP",1,NA
2019,292,"SP",2,NA
2019,292,"FDP",3,NA
2019,292,"GLP",4,NA
2019,292,"Grüne",5,NA
2019,292,"CVP",6,NA
2019,292,"EVP",7,NA
2019,292,"AL",8,NA
2019,292,"BDP",9,NA
2019,292,"EDU",10,NA
2019,51,"SVP",1,NA
2019,51,"SP",2,NA
2019,51,"FDP",3,NA
2019,51,"GLP",4,NA
2019,51,"Grüne",5,NA
2019,51,"CVP",6,NA
2019,51,"EVP",7,NA
2019,51,"AL",8,NA
2019,51,"BDP",9,NA
2019,51,"EDU",10,NA
2019,52,"SVP",1,NA
2019,52,"SP",2,NA
2019,52,"FDP",3,NA
2019,52,"GLP",4,NA
2019,52,"Grüne",5,NA
2019,52,"CVP",6,NA
2019,52,"EVP",7,NA
2019,52,"AL",8,NA
2019,52,"BDP",9,NA
2019,52,"EDU",10,NA
2019,53,"SVP",1,NA
2019,53,"SP",2,NA
2019,53,"FDP",3,NA
2019,53,"GLP",4,NA
2019,53,"Grüne",5,NA
2019,53,"CVP",6,NA
2019,53,"EVP",7,NA
2019,53,"AL",8,NA
2019,53,"BDP",9,NA
2019,53,"EDU",10,NA
2019,54,"SVP",1,NA
2019,54,"SP",2,NA
2019,54,"FDP",3,NA
2019,54,"GLP",4,NA
2019,54,"Grüne",5,NA
2019,54,"CVP",6,NA
2019,54,"EVP",7,NA
2019,54,"AL",8,NA
2019,54,"BDP",9,NA
2019,54,"EDU",10,NA
2019,55,"SVP",1,NA
2019,55,"SP",2,NA
2019,55,"FDP",3,NA
2019,55,"GLP",4,NA
2019,55,"Grüne",5,NA
2019,55,"CVP",6,NA
2019,55,"EVP",7,NA
2019,55,"AL",8,NA
2019,55,"BDP",9,NA
2019,55,"EDU",10,NA
2019,56,"SVP",1,NA
2019,56,"SP",2,NA
2019,56,"FDP",3,NA
2019,56,"GLP",4,NA
2019,56,"Grüne",5,NA
2019,56,"CVP",6,NA
2019,56,"EVP",7,NA
2019,56,"AL",8,NA
2019,56,"BDP",9,NA
2019,56,"EDU",10,NA
2019,57,"SVP",1,NA
2019,57,"SP",2,NA
2019,57,"FDP",3,NA
2019,57,"GLP",4,NA
2019,57,"Grüne",5,NA
2019,57,"CVP",6,NA
2019,57,"EVP",7,NA
2019,57,"AL",8,NA
2019,57,"BDP",9,NA
2019,57,"EDU",10,NA
2019,58,"SVP",1,NA
2019,58,"SP",2,NA
2019,58,"FDP",3,NA
2019,58,"GLP",4,NA
2019,58,"Grüne",5,NA
2019,58,"CVP",6,NA
2019,58,"EVP",7,NA
2019,58,"AL",8,NA
2019,58,"BDP",9,NA
2019,58,"EDU",10,NA
2019,59,"SVP",1,NA
2019,59,"SP",2,NA
2019,59,"FDP",3,NA
2019,59,"GLP",4,NA
2019,59,"Grüne",5,NA
2019,59,"CVP",6,NA
2019,59,"EVP",7,NA
2019,59,"AL",8,NA
2019,59,"BDP",9,NA
2019,59,"EDU",10,NA
2019,60,"SVP",1,NA
2019,60,"SP",2,NA
2019,60,"FDP",3,NA
2019,60,"GLP",4,NA
2019,60,"Grüne",5,NA
2019,60,"CVP",6,NA
2019,60,"EVP",7,NA
2019,60,"AL",8,NA
2019,60,"BDP",9,NA
2019,60,"EDU",10,NA
2019,61,"SVP",1,NA
2019,61,"SP",2,NA
2019,61,"FDP",3,NA
2019,61,"GLP",4,NA
2019,61,"Grüne",5,NA
2019,61,"CVP",6,NA
2019,61,"EVP",7,NA
2019,61,"AL",8,NA
2019,61,"BDP",9,NA
2019,61,"EDU",10,NA
2019,62,"SVP",1,NA
2019,62,"SP",2,NA
2019,62,"FDP",3,NA
2019,62,"GLP",4,NA
2019,62,"Grüne",5,NA
2019,62,"CVP",6,NA
2019,62,"EVP",7,NA
2019,62,"AL",8,NA
2019,62,"BDP",9,NA
2019,62,"EDU",10,NA
2019,63,"SVP",1,NA
2019,63,"SP",2,NA
2019,63,"FDP",3,NA
2019,63,"GLP",4,NA
2019,63,"Grüne",5,NA
2019,63,"CVP",6,NA
2019,63,"EVP",7,NA
2019,63,"AL",8,NA
2019,63,"BDP",9,NA
2019,63,"EDU",10,NA
2019,64,"SVP",1,NA
2019,64,"SP",2,NA
2019,64,"FDP",3,NA
2019,64,"GLP",4,NA
2019,64,"Grüne",5,NA
2019,64,"CVP",6,NA
2019,64,"EVP",7,NA
2019,64,"AL",8,NA
2019,64,"BDP",9,NA
2019,64,"EDU",10,NA
2019,65,"SVP",1,NA
2019,65,"SP",2,NA
2019,65,"FDP",3,NA
2019,65,"GLP",4,NA
2019,65,"Grüne",5,NA
2019,65,"CVP",6,NA
2019,65,"EVP",7,NA
2019,65,"AL",8,NA
2019,65,"BDP",9,NA
2019,65,"EDU",10,NA
2019,66,"SVP",1,NA
2019,66,"SP",2,NA
2019,66,"FDP",3,NA
2019,66,"GLP",4,NA
2019,66,"Grüne",5,NA
2019,66,"CVP",6,NA
2019,66,"EVP",7,NA
2019,66,"AL",8,NA
2019,66,"BDP",9,NA
2019,66,"EDU",10,NA
2019,67,"SVP",1,NA
2019,67,"SP",2,NA
2019,67,"FDP",3,NA
2019,67,"GLP",4,NA
2019,67,"Grüne",5,NA
2019,67,"CVP",6,NA
2019,67,"EVP",7,NA
2019,67,"AL",8,NA
2019,67,"BDP",9,NA
2019,67,"EDU",10,NA
2019,68,"SVP",1,NA
2019,68,"SP",2,NA
2019,68,"FDP",3,NA
2019,68,"GLP",4,NA
2019,68,"Grüne",5,NA
2019,68,"CVP",6,NA
2019,68,"EVP",7,NA
2019,68,"AL",8,NA
2019,68,"BDP",9,NA
2019,68,"EDU",10,NA
2019,69,"SVP",1,NA
2019,69,"SP",2,NA
2019,69,"FDP",3,NA
2019,69,"GLP",4,NA
2019,69,"Grüne",5,NA
2019,69,"CVP",6,NA
2019,69,"EVP",7,NA
2019,69,"AL",8,NA
2019,69,"BDP",9,NA
2019,69,"EDU",10,NA
2019,70,"SVP",1,NA
2019,70,"SP",2,NA
2019,70,"FDP",3,NA
2019,70,"GLP",4,NA
2019,70,"Grüne",5,NA
2019,70,"CVP",6,NA
2019,70,"EVP",7,NA
2019,70,"AL",8,NA
2019,70,"BDP",9,NA
2019,70,"EDU",10,NA
2019,71,"SVP",1,NA
2019,71,"SP",2,NA
2019,71,"FDP",3,NA
2019,71,"GLP",4,NA
2019,71,"Grüne",5,NA
2019,71,"CVP",6,NA
2019,71,"EVP",7,NA
2019,71,"AL",8,NA
2019,71,"BDP",9,NA
2019,71,"EDU",10,NA
2019,72,"SVP",1,NA
2019,72,"SP",2,NA
2019,72,"FDP",3,NA
2019,72,"GLP",4,NA
2019,72,"Grüne",5,NA
2019,72,"CVP",6,NA
2019,72,"EVP",7,NA
2019,72,"AL",8,NA
2019,72,"BDP",9,NA
2019,72,"EDU",10,NA
2019,81,"SVP",1,NA
2019,81,"SP",2,NA
2019,81,"FDP",3,NA
2019,81,"GLP",4,NA
2019,81,"Grüne",5,NA
2019,81,"CVP",6,NA
2019,81,"EVP",7,NA
2019,81,"AL",8,NA
2019,81,"BDP",9,NA
2019,81,"EDU",10,NA
2019,82,"SVP",1,NA
2019,82,"SP",2,NA
2019,82,"FDP",3,NA
2019,82,"GLP",4,NA
2019,82,"Grüne",5,NA
2019,82,"CVP",6,NA
2019,82,"EVP",7,NA
2019,82,"AL",8,NA
2019,82,"BDP",9,NA
2019,82,"EDU",10,NA
2019,83,"SVP",1,NA
2019,83,"SP",2,NA
2019,83,"FDP",3,NA
2019,83,"GLP",4,NA
2019,83,"Grüne",5,NA
2019,83,"CVP",6,NA
2019,83,"EVP",7,NA
2019,83,"AL",8,NA
2019,83,"BDP",9,NA
2019,83,"EDU",10,NA
2019,84,"SVP",1,NA
2019,84,"SP",2,NA
2019,84,"FDP",3,NA
2019,84,"GLP",4,NA
2019,84,"Grüne",5,NA
2019,84,"CVP",6,NA
2019,84,"EVP",7,NA
2019,84,"AL",8,NA
2019,84,"BDP",9,NA
2019,84,"EDU",10,NA
2019,85,"SVP",1,NA
2019,85,"SP",2,NA
2019,85,"FDP",3,NA
2019,85,"GLP",4,NA
2019,85,"Grüne",5,NA
2019,85,"CVP",6,NA
2019,85,"EVP",7,NA
2019,85,"AL",8,NA
2019,85,"BDP",9,NA
2019,85,"EDU",10,NA
2019,86,"SVP",1,NA
2019,86,"SP",2,NA
2019,86,"FDP",3,NA
2019,86,"GLP",4,NA
2019,86,"Grüne",5,NA
2019,86,"CVP",6,NA
2019,86,"EVP",7,NA
2019,86,"AL",8,NA
2019,86,"BDP",9,NA
2019,86,"EDU",10,NA
2019,87,"SVP",1,NA
2019,87,"SP",2,NA
2019,87,"FDP",3,NA
2019,87,"GLP",4,NA
2019,87,"Grüne",5,NA
2019,87,"CVP",6,NA
2019,87,"EVP",7,NA
2019,87,"AL",8,NA
2019,87,"BDP",9,NA
2019,87,"EDU",10,NA
2019,88,"SVP",1,NA
2019,88,"SP",2,NA
2019,88,"FDP",3,NA
2019,88,"GLP",4,NA
2019,88,"Grüne",5,NA
2019,88,"CVP",6,NA
2019,88,"EVP",7,NA
2019,88,"AL",8,NA
2019,88,"BDP",9,NA
2019,88,"EDU",10,NA
2019,89,"SVP",1,NA
2019,89,"SP",2,NA
2019,89,"FDP",3,NA
2019,89,"GLP",4,NA
2019,89,"Grüne",5,NA
2019,89,"CVP",6,NA
2019,89,"EVP",7,NA
2019,89,"AL",8,NA
2019,89,"BDP",9,NA
2019,89,"EDU",10,NA
2019,90,"SVP",1,NA
2019,90,"SP",2,NA
2019,90,"FDP",3,NA
2019,90,"GLP",4,NA
2019,90,"Grüne",5,NA
2019,90,"CVP",6,NA
2019,90,"EVP",7,NA
2019,90,"AL",8,NA
2019,90,"BDP",9,NA
2019,90,"EDU",10,NA
2019,91,"SVP",1,NA
2019,91,"SP",2,NA
2019,91,"FDP",3,NA
2019,91,"GLP",4,NA
2019,91,"Grüne",5,NA
2019,91,"CVP",6,NA
2019,91,"EVP",7,NA
2019,91,"AL",8,NA
2019,91,"BDP",9,NA
2019,91,"EDU",10,NA
2019,92,"SVP",1,NA
2019,92,"SP",2,NA
2019,92,"FDP",3,NA
2019,92,"GLP",4,NA
2019,92,"Grüne",5,NA
2019,92,"CVP",6,NA
2019,92,"EVP",7,NA
2019,92,"AL",8,NA
2019,92,"BDP",9,NA
2019,92,"EDU",10,NA
2019,93,"SVP",1,NA
2019,93,"SP",2,NA
2019,93,"FDP",3,NA
2019,93,"GLP",4,NA
2019,93,"Grüne",5,NA
2019,93,"CVP",6,NA
2019,93,"EVP",7,NA
2019,93,"AL",8,NA
2019,93,"BDP",9,NA
2019,93,"EDU",10,NA
2019,94,"SVP",1,NA
2019,94,"SP",2,NA
2019,94,"FDP",3,NA
2019,94,"GLP",4,NA
2019,94,"Grüne",5,NA
2019,94,"CVP",6,NA
2019,94,"EVP",7,NA
2019,94,"AL",8,NA
2019,94,"BDP",9,NA
2019,94,"EDU",10,NA
2019,95,"SVP",1,NA
2019,95,"SP",2,NA
2019,95,"FDP",3,NA
2019,95,"GLP",4,NA
2019,95,"Grüne",5,NA
2019,95,"CVP",6,NA
2019,95,"EVP",7,NA
2019,95,"AL",8,NA
2019,95,"BDP",9,NA
2019,95,"EDU",10,NA
2019,96,"SVP",1,NA
2019,96,"SP",2,NA
2019,96,"FDP",3,NA
2019,96,"GLP",4,NA
2019,96,"Grüne",5,NA
2019,96,"CVP",6,NA
2019,96,"EVP",7,NA
2019,96,"AL",8,NA
2019,96,"BDP",9,NA
2019,96,"EDU",10,NA
2019,97,"SVP",1,NA
2019,97,"SP",2,NA
2019,97,"FDP",3,NA
2019,97,"GLP",4,NA
2019,97,"Grüne",5,NA
2019,97,"CVP",6,NA
2019,97,"EVP",7,NA
2019,97,"AL",8,NA
2019,97,"BDP",9,NA
2019,97,"EDU",10,NA
2019,98,"SVP",1,NA
2019,98,"SP",2,NA
2019,98,"FDP",3,NA
2019,98,"GLP",4,NA
2019,98,"Grüne",5,NA
2019,98,"CVP",6,NA
2019,98,"EVP",7,NA
2019,98,"AL",8,NA
2019,98,"BDP",9,NA
2019,98,"EDU",10,NA
2019,99,"SVP",1,NA
2019,99,"SP",2,NA
2019,99,"FDP",3,NA
2019,99,"GLP",4,NA
2019,99,"Grüne",5,NA
2019,99,"CVP",6,NA
2019,99,"EVP",7,NA
2019,99,"AL",8,NA
2019,99,"BDP",9,NA
2019,99,"EDU",10,NA
2019,100,"SVP",1,NA
2019,100,"SP",2,NA
2019,100,"FDP",3,NA
2019,100,"GLP",4,NA
2019,100,"Grüne",5,NA
2019,100,"CVP",6,NA
2019,100,"EVP",7,NA
2019,100,"AL",8,NA
2019,100,"BDP",9,NA
2019,100,"EDU",10,NA
2019,101,"SVP",1,NA
2019,101,"SP",2,NA
2019,101,"FDP",3,NA
2019,101,"GLP",4,NA
2019,101,"Grüne",5,NA
2019,101,"CVP",6,NA
2019,101,"EVP",7,NA
2019,101,"AL",8,NA
2019,101,"BDP",9,NA
2019,101,"EDU",10,NA
2019,102,"SVP",1,NA
2019,102,"SP",2,NA
2019,102,"FDP",3,NA
2019,102,"GLP",4,NA
2019,102,"Grüne",5,NA
2019,102,"CVP",6,NA
2019,102,"EVP",7,NA
2019,102,"AL",8,NA
2019,102,"BDP",9,NA
2019,102,"EDU",10,NA
2019,261,"SVP",1,NA
2019,261,"SP",2,NA
2019,261,"FDP",3,NA
2019,261,"GLP",4,NA
2019,261,"Grüne",5,NA
2019,261,"CVP",6,NA
2019,261,"EVP",7,NA
2019,261,"AL",8,NA
2019,261,"BDP",9,NA
2019,261,"EDU",10,NA
2019,261,"Helvida",11,NA
2019,261,"die Guten",12,NA
2019,261,"PdA",13,NA
